Title,Description,Article URL,Image URL,Premium,Byline,Article Type
 What students are saying during high school blockades: 'I am worried about my future and for all students in France'  ,"From the Paris suburbs to Marseille, as well as Toulouse and Lyon, high schoolers interviewed by Le Monde during the blockades described their study conditions, their concerns and their need to be heard.",https://www.lemonde.fr/en/france/article/2026/10/06/what-students-are-voicing-during-high-school-blockades-i-am-worried-about-my-future-and-for-all-students-in-france_6758294_7.html,https://img.lemde.fr/2026/10/05/0/0/8256/5504/400/266/75/0/a00cc5f_ftp-1-nugb31np1yxj-5271633-01-06.jpg,Premium,,
"'France's student protests are, above all, a collective expression of how difficult schoolwork has become'",,https://www.lemonde.fr/en/opinion/article/2026/10/06/france-s-student-protests-are-above-all-a-collective-expression-of-how-difficult-schoolwork-has-become_6758287_23.html,https://img.lemde.fr/2026/02/25/0/0/1500/1000/398/265/75/0/152151f_upload-1-m0ahwqny6ybn-frame-1023.jpg,Premium,,
French high school protests: What we know about injuries among demonstrators and police,,https://www.lemonde.fr/en/france/article/2026/10/06/high-school-protests-what-we-know-about-injuries-among-demonstrators-and-police_6758279_7.html,https://img.lemde.fr/2026/10/05/0/0/5737/3824/398/265/75/0/6bcff4f_upload-1-syogmtlvjl6d-maxnewsspecialtwo747999.jpg,Premium,,
"Defending Bardella no matter what, Marine Le Pen's risky strategy",The far-right party closed ranks behind its president despite the evidence of his past antisemitic writings published by investigative news site Mediapart. Jordan Bardella's loss of credibility could taint Marine Le Pen's presidential campaign.,https://www.lemonde.fr/en/politics/article/2026/10/06/defending-bardella-no-matter-what-marine-le-pen-s-risky-strategy_6758303_5.html,https://img.lemde.fr/2026/09/13/0/0/3000/2000/398/265/75/0/929cd0a_upload-1-58xz1ifflqjb-rn-meetingrentre-e-asurp-100715.jpg,Premium,,
"Despite pain, two former October 7 Hamas hostages promote message of peace","Among the 251 Israelis taken captive by Hamas on October 7, 2023, Aviva and Keith Siegel chose to speak publicly about the abuse they suffered. While Prime Minister Benjamin Netanyahu has claimed the release of hostages as an achievement in his election campaign, the couple in their 60s has continued to oppose the war.",https://www.lemonde.fr/en/m-le-mag/article/2026/10/06/three-years-after-october-7-despite-pain-two-former-hamas-hostages-promote-message-of-peace_6758284_117.html,https://img.lemde.fr/2026/09/28/200/0/1500/1000/398/265/75/0/5ce6edf_ftp-1-6gvpodu4rz3f-445523-3509310.jpg,Premium,,
Three ways Zidane's France is already different from Deschamps',"In his first four matches as France manager, Zinédine Zidane has already initiated several breaks with his predecessor's style.",https://www.lemonde.fr/en/sports/article/2026/10/06/three-ways-zidane-s-france-is-already-different-from-deschamps_6758311_9.html,https://img.lemde.fr/2026/10/02/0/0/3264/2176/398/265/75/0/2c05c22_ftp-1-nwjyg0cjpvvj-5249633-01-06.jpg,Premium,,
"On Cornell's campus, 'everyone is outraged' by the handling of gang rape case","While she was still a student, a young woman claimed that she was drugged and raped by seven members of a fraternity at the Ivy League university. Many students feel that the alleged perpetrators were not punished severely enough. In September, the plaintiff took her case to the New York State Supreme Court.",https://www.lemonde.fr/en/international/article/2026/10/06/on-cornell-s-campus-everyone-is-outraged-by-the-handling-of-gang-rape-case_6758309_4.html,https://img.lemde.fr/2026/10/06/0/0/3000/2000/664/442/75/0/67cdca3_ftp-1-3qeo3kktahls-2026-10-06t000926z-127532002-rc2axnae3523-rtrmadp-3-usa-crime-cornell.JPG,Premium, Nicolas Chapuis,Feature
Québec's independence back to the table after Parti Québécois election win,,https://www.lemonde.fr/en/international/article/2026/10/06/canada-s-independence-back-to-the-table-after-parti-quebecois-election-win_6758306_4.html,https://img.lemde.fr/2026/10/06/119/0/3500/2333/198/132/95/0/b2f2f2c_ftp-1-fnlzxudgrb6g-297a452131c6456bade5cb76d26c3d04-0-3dc2cb6d98f14fcaafdd367556ff9e04.jpg,Premium,,
Russia's reassurances only fuel anxiety over suspected plague outbreak in Siberia,,https://www.lemonde.fr/en/environment/article/2026/10/06/russia-s-reassurances-only-fuel-anxiety-over-suspected-plague-outbreak-in-siberia_6758298_114.html,https://img.lemde.fr/2026/10/05/0/0/1000/666/198/132/95/0/fc1dd52_ftp-1-0vcaieonevcv-d438681e0e16465c9618d443448fa1ff-2-69617d793c6746c59fa981317d5c16ba.jpg,Premium,,
Le Pen vows drastic budget cuts to prevent French 'default' on debt,,https://www.lemonde.fr/en/france/article/2026/10/06/le-pen-vows-drastic-budget-cuts-to-prevent-french-default-on-debt_6758304_7.html,https://img.lemde.fr/2026/10/06/0/0/5203/3468/198/132/95/0/12d2891_ftp-1-b45ajhtl0iju-5278573-01-06.jpg,,,
2026 Nobel Prize in Physics awarded to Belgium's Francis Halzen for his work on subatomic particles at the South Pole,,https://www.lemonde.fr/en/international/article/2026/10/06/2026-nobel-prize-in-physics-awarded-to-belgium-s-francis-halzen_6758300_4.html,https://img.lemde.fr/2026/10/06/0/0/8256/5504/198/132/95/0/c414878_ftp-1-ntz6cpfz1vvv-3e8b5980e7d84d038898a7c9484814b2-0-a4d9f7dff163460e9660cb045df6fcd7.jpg,,,
Israel threatens to make Gazans pay 'heavy price' for any Hamas attack during October 7 anniversary,,https://www.lemonde.fr/en/international/article/2026/10/06/israel-threatens-to-make-gazans-pay-heavy-price-for-any-hamas-attack-during-october-7-anniversary_6758301_4.html,,,,
"Summer 2026 heatwave cost France €16 billion, says Assemblée Nationale report",,https://www.lemonde.fr/en/politics/article/2026/10/06/summer-2026-heatwave-cost-france-16-billion-says-assemblee-nationale-report_6758282_5.html,,Premium,,
"Annick Lemoine, president of the Musée d'Orsay: 'I want the museum to become a place for debate that fosters critical thinking'",,https://www.lemonde.fr/en/culture/article/2026/10/05/annick-lemoine-president-of-the-musee-d-orsay-i-want-the-museum-to-become-a-place-for-debate-that-fosters-critical-thinking_6758276_30.html,,Premium,,
"In Aberdeen, the slow twilight of North Sea oil and gas",,https://www.lemonde.fr/en/economy/article/2026/10/05/in-aberdeen-scotland-the-slow-twilight-of-north-sea-oil-and-gas_6758278_19.html,,Premium,,
Spanish PM Sanchez once again bets on the ballot box amid housing crisis unrest,,https://www.lemonde.fr/en/international/article/2026/10/06/in-spain-sanchez-once-again-bets-on-the-ballot-box-amid-housing-crisis-unrest_6758280_4.html,,Premium,,
North Korean refugee describes life caught between capitalist hustle and socialist repression,,https://www.lemonde.fr/en/international/article/2026/10/05/north-korean-refugee-describes-life-caught-between-capitalist-hustle-and-socialist-repression_6758270_4.html,,Premium,,
"Former German spy chief arrested for espionage, treason",,https://www.lemonde.fr/en/international/article/2026/10/06/former-german-spy-chief-arrested-for-espionage-treason_6758299_4.html,,,,
Discovery of 11 bodies in Johannesburg exposes scale of violence against women,,https://www.lemonde.fr/en/le-monde-africa/article/2026/10/06/discovery-of-11-bodies-in-johannesburg-exposes-scale-of-violence-against-women_6758291_124.html,,Premium,,
"Why French high schoolers are protesting, and why their movement is already historic","What began as a spontaneous protest in the Paris suburbs has grown to a scale unseen in decades, as students denounce learning conditions and uncertain prospects. The government's essentially repressive response risks fuelling further anger.",https://www.lemonde.fr/en/france/article/2026/10/05/why-french-high-schoolers-are-protesting-and-why-their-movement-is-already-historic_6758257_7.html,https://img.lemde.fr/2026/10/01/0/0/2953/1968/664/442/75/0/e4cfddc_upload-1-f6fmw4i2mnca-026-millerand-5h9a8913.jpg,Premium, Eléa Pommiers and  Sylvie Lecherbonnier,News analysis
"'The racist, xenophobic and antisemitic remarks regularly made within the RN have not tarnished the party's image'","Political scientist Alexandre Dézé tells Le Monde that alternating between radicalism and respectability is at the heart of the strategy adopted by Marine Le Pen's Rassemblement National, which now enjoys a very solid base of support within the French political landscape.",https://www.lemonde.fr/en/opinion/article/2026/10/05/racist-xenophobic-and-antisemitic-remarks-that-are-regularly-made-within-the-far-right-rassemblement-national-have-failed-to-tarnish-the-party-s-image_6758250_23.html,https://img.lemde.fr/2026/09/29/0/15/7969/5313/664/442/75/0/55a529c_upload-1-n6qflyt1xdft-jmug260929001.jpg,Premium, Marion Dupont,Interview
Constant atmosphere of war is gripping Kyiv residents: 'The enemy is destroying the city',"Since Russian strikes intensified at the end of August, daily life in the Ukrainian capital has been marked by air raid alerts and bombings, upending the lives of residents, who, for now, are refusing to resign themselves to a new exodus.",https://www.lemonde.fr/en/international/article/2026/10/05/constant-atmosphere-of-war-is-gripping-kyiv-residents-the-enemy-is-destroying-the-city_6758266_4.html,https://img.lemde.fr/2026/10/04/0/0/4300/2866/664/442/75/0/df6b36c_upload-1-pnkpg1zovs3y-kiev-ambiance-vnguyenhoang-15.jpg,Premium, Rémy Ourdan and  Thomas d’Istria,News
French high school protests: The risk of a united front of discontent,,https://www.lemonde.fr/en/opinion/article/2026/10/05/french-high-school-protests-the-risk-of-a-united-front-of-discontent_6758264_23.html,,,,Editorial
Denis Mukwege and Zeid Ra'ad Al-Hussein: 'The DRC must launch a genuine process of transitional justice',,https://www.lemonde.fr/en/opinion/article/2026/10/06/denis-mukwege-and-zeid-ra-ad-al-hussein-the-drc-must-launch-a-genuine-process-of-transitional-justice_6758307_23.html,,Premium,,Op-Ed
French high school protests: Authorities should have listened to students first,,https://www.lemonde.fr/en/opinion/article/2026/10/02/french-high-school-protests-authorities-should-have-listened-to-students-first_6758174_23.html,,,,Editorial
